URL,Name,Phone,Email
https://www.facebook.com/FidelidadeSeguros.Portugal/?locale=pt_PT,Fidelidade Seguros,21 794 8800,apoiocliente@fidelidade.pt
https://www.facebook.com/FidelidadeSeguros.Portugal/?locale=pt_PT,Fidelidade Seguros,21 794 8800,apoiocliente@fidelidade.pt
https://www.facebook.com/FidelidadeSeguros.Portugal/?locale=pt_PT,Fidelidade Seguros,21 794 8800,apoiocliente@fidelidade.pt
https://www.facebook.com/FidelidadeSeguros.Portugal/?locale=pt_PT,Fidelidade Seguros,21 794 8800,apoiocliente@fidelidade.pt
https://www.facebook.com/FidelidadeSeguros.Portugal/?locale=pt_PT,Fidelidade Seguros,21 794 8800,apoiocliente@fidelidade.pt
https://www.facebook.com/FidelidadeSeguros.Portugal/?locale=pt_PT,Fidelidade Seguros,21 794 8800,apoiocliente@fidelidade.pt
https://www.facebook.com/FidelidadeSeguros.Portugal/?locale=pt_PT,Fidelidade Seguros,21 794 8800,apoiocliente@fidelidade.pt
https://www.facebook.com/FidelidadeSeguros.Portugal/?locale=pt_PT,Fidelidade Seguros,21 794 8800,apoiocliente@fidelidade.pt
https://www.facebook.com/FidelidadeSeguros.Portugal/?locale=pt_PT,Fidelidade Seguros,21 794 8800,apoiocliente@fidelidade.pt
https://www.facebook.com/FidelidadeSeguros.Portugal/?locale=pt_PT,Fidelidade Seguros,21 794 8800,apoiocliente@fidelidade.pt
